-- phpMyAdmin SQL Dump
-- version 4.9.1
-- https://www.phpmyadmin.net/
--
-- Servidor: localhost
-- Tiempo de generación: 01-12-2019 a las 22:08:44
-- Versión del servidor: 10.3.18-MariaDB
-- Versión de PHP: 7.3.11

SET SQL_MODE = "NO_AUTO_VALUE_ON_ZERO";
SET AUTOCOMMIT = 0;
START TRANSACTION;
SET time_zone = "+00:00";


/*!40101 SET @OLD_CHARACTER_SET_CLIENT=@@CHARACTER_SET_CLIENT */;
/*!40101 SET @OLD_CHARACTER_SET_RESULTS=@@CHARACTER_SET_RESULTS */;
/*!40101 SET @OLD_COLLATION_CONNECTION=@@COLLATION_CONNECTION */;
/*!40101 SET NAMES utf8mb4 */;

--
-- Base de datos: `thomas_boletos`
--

-- --------------------------------------------------------

--
-- Estructura de tabla para la tabla `admin`
--

CREATE TABLE `admin` (
  `fullname` int(11) NOT NULL,
  `id` varchar(40) DEFAULT NULL,
  `contact` varchar(30) DEFAULT NULL,
  `email` varchar(140) DEFAULT NULL,
  `username` varchar(70) DEFAULT NULL,
  `password` varchar(130) DEFAULT NULL
) ENGINE=MyISAM DEFAULT CHARSET=utf8;

--
-- Volcado de datos para la tabla `admin`
--

INSERT INTO `admin` (`fullname`, `id`, `contact`, `email`, `username`, `password`) VALUES
(1, '1', 't', 't@t.io', 'test', 'test');

-- --------------------------------------------------------

--
-- Estructura de tabla para la tabla `available_class`
--

CREATE TABLE `available_class` (
  `class_id` varchar(120) NOT NULL,
  `class_name` varchar(80) NOT NULL,
  `class_capacity` smallint(6) NOT NULL DEFAULT 0,
  `class_price` double NOT NULL DEFAULT 10,
  `description` longtext DEFAULT NULL
) ENGINE=MyISAM DEFAULT CHARSET=utf8;

-- --------------------------------------------------------

--
-- Estructura de tabla para la tabla `banners`
--

CREATE TABLE `banners` (
  `banner_id` int(10) NOT NULL,
  `banner_path` varchar(256) NOT NULL
) ENGINE=InnoDB DEFAULT CHARSET=latin1;

--
-- Volcado de datos para la tabla `banners`
--

INSERT INTO `banners` (`banner_id`, `banner_path`) VALUES
(2, '../uploads/fsoc.png');

-- --------------------------------------------------------

--
-- Estructura de tabla para la tabla `booking_details`
--

CREATE TABLE `booking_details` (
  `order_ref` varchar(255) NOT NULL,
  `fullname` varchar(120) NOT NULL,
  `contact` varchar(40) DEFAULT NULL,
  `gender` varchar(40) DEFAULT NULL,
  `class_reserved` varchar(255) NOT NULL,
  `destination` varchar(180) NOT NULL,
  `seats_reserved` varchar(50) NOT NULL DEFAULT '1',
  `date_reserved` varchar(50) DEFAULT NULL,
  `transaction_id` varchar(190) NOT NULL,
  `account` varchar(130) NOT NULL,
  `amount` varchar(50) NOT NULL
) ENGINE=MyISAM DEFAULT CHARSET=utf8;

--
-- Volcado de datos para la tabla `booking_details`
--

INSERT INTO `booking_details` (`order_ref`, `fullname`, `contact`, `gender`, `class_reserved`, `destination`, `seats_reserved`, `date_reserved`, `transaction_id`, `account`, `amount`) VALUES
('RA84O43T53E', 'George Wainaina Njeri', '0705481696', 'MALE', 'Middle Class Travel', 'MOMBASA to NAKURU', '1', 'November 30, 2017', '38329432422', 'MPESA', '52.03'),
('BE19O27T62R', 'Samuel Kumano', '0342423', 'MALE', 'Middle Class Travel', 'NAKURU to MOMBASA', '1', 'December 07, 2017', '807678678', 'KCD_BANK', '52.03'),
('OR30S43B61T', 'Thomas Orozco Galindo', 'jaapagamerz12@gmail.com', 'MALE', 'Viajes de alta clase', 'NAKURU to NAIROBI', '2', 'November 20, 2019', '123456789', 'EQUITY_BANK', '52.03'),
('BC48A73O24S', 'Anais Orozco', 'jaapagamerz12@gmail.com', 'FEMALE', 'Viajes de clase baja', 'MOMBASA to NAKURU', '1', 'November 06, 2019', '087678', 'MPESA', '52.03'),
('AR60C46E88S', 'undefined', 'undefined', 'undefined', 'undefined', 'undefined', 'undefined', 'undefined', 'undefined', '1', 'undefined');

-- --------------------------------------------------------

--
-- Estructura de tabla para la tabla `payments`
--

CREATE TABLE `payments` (
  `payment_id` int(10) UNSIGNED NOT NULL,
  `payment_name` varchar(80) CHARACTER SET utf8 NOT NULL,
  `payment_email` varchar(140) CHARACTER SET utf8 NOT NULL
) ENGINE=InnoDB DEFAULT CHARSET=latin1;

--
-- Volcado de datos para la tabla `payments`
--

INSERT INTO `payments` (`payment_id`, `payment_name`, `payment_email`) VALUES
(1, 'Paypal', 'boletera@daga.io');

-- --------------------------------------------------------

--
-- Estructura de tabla para la tabla `raffles`
--

CREATE TABLE `raffles` (
  `raffle_id` int(10) UNSIGNED NOT NULL,
  `raffle_code` varchar(8) NOT NULL,
  `raffle_name` varchar(191) CHARACTER SET utf8mb4 COLLATE utf8mb4_unicode_ci NOT NULL,
  `raffle_prize` varchar(191) CHARACTER SET utf8mb4 COLLATE utf8mb4_unicode_ci NOT NULL,
  `raffle_date` date NOT NULL,
  `raffle_price` int(11) NOT NULL,
  `raffle_sellqty` int(11) NOT NULL,
  `raffle_buyqty` int(11) NOT NULL,
  `raffle_end` date NOT NULL
) ENGINE=InnoDB DEFAULT CHARSET=latin1;

--
-- Volcado de datos para la tabla `raffles`
--

INSERT INTO `raffles` (`raffle_id`, `raffle_code`, `raffle_name`, `raffle_prize`, `raffle_date`, `raffle_price`, `raffle_sellqty`, `raffle_buyqty`, `raffle_end`) VALUES
(23, '7ZB', 'Rifa Invernal 1', 'Ford Focus 2020', '2019-12-31', 40000, 200, 3, '2019-12-31'),
(24, '7RJ', 'Rifa 2', 'PlayStation 5', '2019-12-31', 20000, 200, 3, '2019-12-31'),
(25, 'UCQ', 'Rifa 3', 'Premio 3', '2019-12-31', 25000, 200, 2, '2019-12-31'),
(26, 'ODK', 'Rifa 4', '$1000 USD', '2019-12-31', 20000, 200, 1, '2019-12-31'),
(27, '06A', 'Otra rifa', 'Otro premio', '2019-12-31', 25000, 200, 1, '2019-12-31'),
(28, 'TSS', 'Esta rifa no se ve', 'No importa', '2019-12-31', 20000, 200, 1, '2019-12-31');

-- --------------------------------------------------------

--
-- Estructura de tabla para la tabla `raffle_tickets`
--

CREATE TABLE `raffle_tickets` (
  `ticket_id` int(10) UNSIGNED NOT NULL,
  `ticket_code` varchar(128) NOT NULL,
  `raffle_id` int(10) UNSIGNED NOT NULL,
  `ticket_status` tinyint(1) NOT NULL DEFAULT 0
) ENGINE=InnoDB DEFAULT CHARSET=latin1;

--
-- Volcado de datos para la tabla `raffle_tickets`
--

INSERT INTO `raffle_tickets` (`ticket_id`, `ticket_code`, `raffle_id`, `ticket_status`) VALUES
(351, '4000', 23, 0),
(352, '4001', 23, 0),
(353, '4002', 23, 0),
(354, '4003', 23, 0),
(355, '4004', 23, 0),
(356, '4005', 23, 0),
(357, '4006', 23, 0),
(358, '4007', 23, 0),
(359, '4008', 23, 0),
(360, '4009', 23, 0),
(361, '4010', 23, 0),
(362, '4011', 23, 0),
(363, '4012', 23, 0),
(364, '4013', 23, 0),
(365, '4014', 23, 0),
(366, '4015', 23, 0),
(367, '4016', 23, 0),
(368, '4017', 23, 0),
(369, '4018', 23, 0),
(370, '4019', 23, 0),
(371, '4020', 23, 0),
(372, '4021', 23, 0),
(373, '4022', 23, 0),
(374, '4023', 23, 0),
(375, '4024', 23, 0),
(376, '4025', 23, 0),
(377, '4026', 23, 0),
(378, '4027', 23, 1),
(379, '4028', 23, 0),
(380, '4029', 23, 0),
(381, '4030', 23, 0),
(382, '4031', 23, 0),
(383, '4032', 23, 1),
(384, '4033', 23, 0),
(385, '4034', 23, 0),
(386, '4035', 23, 0),
(387, '4036', 23, 0),
(388, '4037', 23, 0),
(389, '4038', 23, 0),
(390, '4039', 23, 0),
(391, '4040', 23, 0),
(392, '4041', 23, 0),
(393, '4042', 23, 0),
(394, '4043', 23, 0),
(395, '4044', 23, 0),
(396, '4045', 23, 0),
(397, '4046', 23, 0),
(398, '4047', 23, 0),
(399, '4048', 23, 0),
(400, '4049', 23, 0),
(401, '4050', 23, 0),
(402, '4051', 23, 0),
(403, '4052', 23, 0),
(404, '4053', 23, 0),
(405, '4054', 23, 0),
(406, '4055', 23, 0),
(407, '4056', 23, 0),
(408, '4057', 23, 0),
(409, '4058', 23, 0),
(410, '4059', 23, 0),
(411, '4060', 23, 0),
(412, '4061', 23, 0),
(413, '4062', 23, 0),
(414, '4063', 23, 0),
(415, '4064', 23, 0),
(416, '4065', 23, 0),
(417, '4066', 23, 0),
(418, '4067', 23, 0),
(419, '4068', 23, 0),
(420, '4069', 23, 0),
(421, '4070', 23, 0),
(422, '4071', 23, 0),
(423, '4072', 23, 0),
(424, '4073', 23, 0),
(425, '4074', 23, 0),
(426, '4075', 23, 0),
(427, '4076', 23, 0),
(428, '4077', 23, 0),
(429, '4078', 23, 0),
(430, '4079', 23, 0),
(431, '4080', 23, 0),
(432, '4081', 23, 0),
(433, '4082', 23, 0),
(434, '4083', 23, 0),
(435, '4084', 23, 0),
(436, '4085', 23, 0),
(437, '4086', 23, 0),
(438, '4087', 23, 0),
(439, '4088', 23, 0),
(440, '4089', 23, 0),
(441, '4090', 23, 0),
(442, '4091', 23, 0),
(443, '4092', 23, 0),
(444, '4093', 23, 0),
(445, '4094', 23, 0),
(446, '4095', 23, 0),
(447, '4096', 23, 0),
(448, '4097', 23, 0),
(449, '4098', 23, 0),
(450, '4099', 23, 0),
(451, '4100', 23, 0),
(452, '4101', 23, 0),
(453, '4102', 23, 0),
(454, '4103', 23, 0),
(455, '4104', 23, 0),
(456, '4105', 23, 0),
(457, '4106', 23, 0),
(458, '4107', 23, 0),
(459, '4108', 23, 0),
(460, '4109', 23, 0),
(461, '4110', 23, 0),
(462, '4111', 23, 0),
(463, '4112', 23, 0),
(464, '4113', 23, 0),
(465, '4114', 23, 0),
(466, '4115', 23, 0),
(467, '4116', 23, 0),
(468, '4117', 23, 0),
(469, '4118', 23, 0),
(470, '4119', 23, 0),
(471, '4120', 23, 0),
(472, '4121', 23, 0),
(473, '4122', 23, 0),
(474, '4123', 23, 0),
(475, '4124', 23, 0),
(476, '4125', 23, 0),
(477, '4126', 23, 0),
(478, '4127', 23, 0),
(479, '4128', 23, 0),
(480, '4129', 23, 0),
(481, '4130', 23, 0),
(482, '4131', 23, 0),
(483, '4132', 23, 0),
(484, '4133', 23, 0),
(485, '4134', 23, 0),
(486, '4135', 23, 0),
(487, '4136', 23, 0),
(488, '4137', 23, 0),
(489, '4138', 23, 0),
(490, '4139', 23, 0),
(491, '4140', 23, 0),
(492, '4141', 23, 0),
(493, '4142', 23, 0),
(494, '4143', 23, 0),
(495, '4144', 23, 0),
(496, '4145', 23, 0),
(497, '4146', 23, 0),
(498, '4147', 23, 0),
(499, '4148', 23, 0),
(500, '4149', 23, 0),
(501, '4150', 23, 0),
(502, '4151', 23, 0),
(503, '4152', 23, 0),
(504, '4153', 23, 0),
(505, '4154', 23, 0),
(506, '4155', 23, 0),
(507, '4156', 23, 0),
(508, '4157', 23, 0),
(509, '4158', 23, 0),
(510, '4159', 23, 0),
(511, '4160', 23, 0),
(512, '4161', 23, 0),
(513, '4162', 23, 0),
(514, '4163', 23, 0),
(515, '4164', 23, 0),
(516, '4165', 23, 0),
(517, '4166', 23, 0),
(518, '4167', 23, 0),
(519, '4168', 23, 0),
(520, '4169', 23, 0),
(521, '4170', 23, 0),
(522, '4171', 23, 0),
(523, '4172', 23, 0),
(524, '4173', 23, 0),
(525, '4174', 23, 0),
(526, '4175', 23, 0),
(527, '4176', 23, 0),
(528, '4177', 23, 0),
(529, '4178', 23, 0),
(530, '4179', 23, 0),
(531, '4180', 23, 0),
(532, '4181', 23, 0),
(533, '4182', 23, 0),
(534, '4183', 23, 0),
(535, '4184', 23, 0),
(536, '4185', 23, 0),
(537, '4186', 23, 0),
(538, '4187', 23, 0),
(539, '4188', 23, 0),
(540, '4189', 23, 0),
(541, '4190', 23, 0),
(542, '4191', 23, 0),
(543, '4192', 23, 0),
(544, '4193', 23, 0),
(545, '4194', 23, 0),
(546, '4195', 23, 0),
(547, '4196', 23, 0),
(548, '4197', 23, 0),
(549, '4198', 23, 0),
(550, '4199', 23, 0),
(551, '7000', 24, 0),
(552, '7001', 24, 0),
(553, '7002', 24, 0),
(554, '7003', 24, 0),
(555, '7004', 24, 0),
(556, '7005', 24, 0),
(557, '7006', 24, 0),
(558, '7007', 24, 0),
(559, '7008', 24, 0),
(560, '7009', 24, 0),
(561, '7010', 24, 0),
(562, '7011', 24, 0),
(563, '7012', 24, 0),
(564, '7013', 24, 0),
(565, '7014', 24, 0),
(566, '7015', 24, 0),
(567, '7016', 24, 0),
(568, '7017', 24, 0),
(569, '7018', 24, 0),
(570, '7019', 24, 0),
(571, '7020', 24, 0),
(572, '7021', 24, 0),
(573, '7022', 24, 0),
(574, '7023', 24, 0),
(575, '7024', 24, 0),
(576, '7025', 24, 0),
(577, '7026', 24, 0),
(578, '7027', 24, 0),
(579, '7028', 24, 0),
(580, '7029', 24, 0),
(581, '7030', 24, 0),
(582, '7031', 24, 0),
(583, '7032', 24, 0),
(584, '7033', 24, 0),
(585, '7034', 24, 0),
(586, '7035', 24, 0),
(587, '7036', 24, 0),
(588, '7037', 24, 0),
(589, '7038', 24, 0),
(590, '7039', 24, 0),
(591, '7040', 24, 0),
(592, '7041', 24, 0),
(593, '7042', 24, 0),
(594, '7043', 24, 0),
(595, '7044', 24, 0),
(596, '7045', 24, 0),
(597, '7046', 24, 0),
(598, '7047', 24, 0),
(599, '7048', 24, 0),
(600, '7049', 24, 0),
(601, '7050', 24, 0),
(602, '7051', 24, 0),
(603, '7052', 24, 0),
(604, '7053', 24, 0),
(605, '7054', 24, 0),
(606, '7055', 24, 0),
(607, '7056', 24, 0),
(608, '7057', 24, 0),
(609, '7058', 24, 0),
(610, '7059', 24, 0),
(611, '7060', 24, 0),
(612, '7061', 24, 0),
(613, '7062', 24, 0),
(614, '7063', 24, 0),
(615, '7064', 24, 0),
(616, '7065', 24, 0),
(617, '7066', 24, 0),
(618, '7067', 24, 0),
(619, '7068', 24, 0),
(620, '7069', 24, 0),
(621, '7070', 24, 0),
(622, '7071', 24, 0),
(623, '7072', 24, 0),
(624, '7073', 24, 0),
(625, '7074', 24, 0),
(626, '7075', 24, 0),
(627, '7076', 24, 0),
(628, '7077', 24, 0),
(629, '7078', 24, 0),
(630, '7079', 24, 0),
(631, '7080', 24, 0),
(632, '7081', 24, 0),
(633, '7082', 24, 0),
(634, '7083', 24, 0),
(635, '7084', 24, 0),
(636, '7085', 24, 0),
(637, '7086', 24, 0),
(638, '7087', 24, 0),
(639, '7088', 24, 0),
(640, '7089', 24, 0),
(641, '7090', 24, 0),
(642, '7091', 24, 0),
(643, '7092', 24, 0),
(644, '7093', 24, 0),
(645, '7094', 24, 0),
(646, '7095', 24, 0),
(647, '7096', 24, 0),
(648, '7097', 24, 0),
(649, '7098', 24, 0),
(650, '7099', 24, 0),
(651, '7100', 24, 0),
(652, '7101', 24, 0),
(653, '7102', 24, 0),
(654, '7103', 24, 0),
(655, '7104', 24, 0),
(656, '7105', 24, 0),
(657, '7106', 24, 0),
(658, '7107', 24, 0),
(659, '7108', 24, 0),
(660, '7109', 24, 0),
(661, '7110', 24, 0),
(662, '7111', 24, 0),
(663, '7112', 24, 0),
(664, '7113', 24, 0),
(665, '7114', 24, 0),
(666, '7115', 24, 0),
(667, '7116', 24, 0),
(668, '7117', 24, 0),
(669, '7118', 24, 0),
(670, '7119', 24, 0),
(671, '7120', 24, 0),
(672, '7121', 24, 0),
(673, '7122', 24, 0),
(674, '7123', 24, 0),
(675, '7124', 24, 0),
(676, '7125', 24, 0),
(677, '7126', 24, 0),
(678, '7127', 24, 0),
(679, '7128', 24, 0),
(680, '7129', 24, 0),
(681, '7130', 24, 0),
(682, '7131', 24, 0),
(683, '7132', 24, 0),
(684, '7133', 24, 0),
(685, '7134', 24, 0),
(686, '7135', 24, 0),
(687, '7136', 24, 0),
(688, '7137', 24, 0),
(689, '7138', 24, 0),
(690, '7139', 24, 0),
(691, '7140', 24, 0),
(692, '7141', 24, 0),
(693, '7142', 24, 0),
(694, '7143', 24, 0),
(695, '7144', 24, 0),
(696, '7145', 24, 0),
(697, '7146', 24, 0),
(698, '7147', 24, 0),
(699, '7148', 24, 0),
(700, '7149', 24, 0),
(701, '7150', 24, 0),
(702, '7151', 24, 0),
(703, '7152', 24, 0),
(704, '7153', 24, 0),
(705, '7154', 24, 0),
(706, '7155', 24, 0),
(707, '7156', 24, 0),
(708, '7157', 24, 0),
(709, '7158', 24, 0),
(710, '7159', 24, 0),
(711, '7160', 24, 0),
(712, '7161', 24, 0),
(713, '7162', 24, 0),
(714, '7163', 24, 0),
(715, '7164', 24, 0),
(716, '7165', 24, 0),
(717, '7166', 24, 0),
(718, '7167', 24, 0),
(719, '7168', 24, 0),
(720, '7169', 24, 0),
(721, '7170', 24, 0),
(722, '7171', 24, 0),
(723, '7172', 24, 0),
(724, '7173', 24, 0),
(725, '7174', 24, 0),
(726, '7175', 24, 0),
(727, '7176', 24, 0),
(728, '7177', 24, 0),
(729, '7178', 24, 0),
(730, '7179', 24, 0),
(731, '7180', 24, 0),
(732, '7181', 24, 0),
(733, '7182', 24, 0),
(734, '7183', 24, 0),
(735, '7184', 24, 0),
(736, '7185', 24, 0),
(737, '7186', 24, 0),
(738, '7187', 24, 0),
(739, '7188', 24, 0),
(740, '7189', 24, 0),
(741, '7190', 24, 0),
(742, '7191', 24, 0),
(743, '7192', 24, 0),
(744, '7193', 24, 0),
(745, '7194', 24, 0),
(746, '7195', 24, 0),
(747, '7196', 24, 0),
(748, '7197', 24, 0),
(749, '7198', 24, 0),
(750, '7199', 24, 0),
(751, '3000', 25, 0),
(752, '3001', 25, 0),
(753, '3002', 25, 0),
(754, '3003', 25, 0),
(755, '3004', 25, 0),
(756, '3005', 25, 0),
(757, '3006', 25, 0),
(758, '3007', 25, 0),
(759, '3008', 25, 0),
(760, '3009', 25, 0),
(761, '3010', 25, 0),
(762, '3011', 25, 0),
(763, '3012', 25, 0),
(764, '3013', 25, 0),
(765, '3014', 25, 0),
(766, '3015', 25, 0),
(767, '3016', 25, 0),
(768, '3017', 25, 0),
(769, '3018', 25, 0),
(770, '3019', 25, 0),
(771, '3020', 25, 0),
(772, '3021', 25, 0),
(773, '3022', 25, 0),
(774, '3023', 25, 0),
(775, '3024', 25, 0),
(776, '3025', 25, 0),
(777, '3026', 25, 0),
(778, '3027', 25, 0),
(779, '3028', 25, 0),
(780, '3029', 25, 0),
(781, '3030', 25, 0),
(782, '3031', 25, 0),
(783, '3032', 25, 0),
(784, '3033', 25, 0),
(785, '3034', 25, 0),
(786, '3035', 25, 0),
(787, '3036', 25, 0),
(788, '3037', 25, 0),
(789, '3038', 25, 0),
(790, '3039', 25, 0),
(791, '3040', 25, 0),
(792, '3041', 25, 0),
(793, '3042', 25, 0),
(794, '3043', 25, 0),
(795, '3044', 25, 0),
(796, '3045', 25, 0),
(797, '3046', 25, 0),
(798, '3047', 25, 0),
(799, '3048', 25, 0),
(800, '3049', 25, 0),
(801, '3050', 25, 0),
(802, '3051', 25, 0),
(803, '3052', 25, 0),
(804, '3053', 25, 0),
(805, '3054', 25, 0),
(806, '3055', 25, 0),
(807, '3056', 25, 0),
(808, '3057', 25, 0),
(809, '3058', 25, 0),
(810, '3059', 25, 0),
(811, '3060', 25, 0),
(812, '3061', 25, 0),
(813, '3062', 25, 0),
(814, '3063', 25, 0),
(815, '3064', 25, 0),
(816, '3065', 25, 0),
(817, '3066', 25, 0),
(818, '3067', 25, 0),
(819, '3068', 25, 0),
(820, '3069', 25, 0),
(821, '3070', 25, 0),
(822, '3071', 25, 0),
(823, '3072', 25, 0),
(824, '3073', 25, 0),
(825, '3074', 25, 0),
(826, '3075', 25, 0),
(827, '3076', 25, 0),
(828, '3077', 25, 0),
(829, '3078', 25, 0),
(830, '3079', 25, 0),
(831, '3080', 25, 0),
(832, '3081', 25, 0),
(833, '3082', 25, 0),
(834, '3083', 25, 0),
(835, '3084', 25, 0),
(836, '3085', 25, 0),
(837, '3086', 25, 0),
(838, '3087', 25, 0),
(839, '3088', 25, 0),
(840, '3089', 25, 0),
(841, '3090', 25, 0),
(842, '3091', 25, 0),
(843, '3092', 25, 0),
(844, '3093', 25, 0),
(845, '3094', 25, 0),
(846, '3095', 25, 0),
(847, '3096', 25, 0),
(848, '3097', 25, 0),
(849, '3098', 25, 0),
(850, '3099', 25, 0),
(851, '3100', 25, 0),
(852, '3101', 25, 0),
(853, '3102', 25, 0),
(854, '3103', 25, 0),
(855, '3104', 25, 0),
(856, '3105', 25, 0),
(857, '3106', 25, 0),
(858, '3107', 25, 0),
(859, '3108', 25, 0),
(860, '3109', 25, 0),
(861, '3110', 25, 0),
(862, '3111', 25, 0),
(863, '3112', 25, 0),
(864, '3113', 25, 0),
(865, '3114', 25, 0),
(866, '3115', 25, 0),
(867, '3116', 25, 0),
(868, '3117', 25, 0),
(869, '3118', 25, 0),
(870, '3119', 25, 0),
(871, '3120', 25, 0),
(872, '3121', 25, 0),
(873, '3122', 25, 0),
(874, '3123', 25, 0),
(875, '3124', 25, 0),
(876, '3125', 25, 0),
(877, '3126', 25, 0),
(878, '3127', 25, 0),
(879, '3128', 25, 0),
(880, '3129', 25, 0),
(881, '3130', 25, 0),
(882, '3131', 25, 0),
(883, '3132', 25, 0),
(884, '3133', 25, 0),
(885, '3134', 25, 0),
(886, '3135', 25, 0),
(887, '3136', 25, 0),
(888, '3137', 25, 0),
(889, '3138', 25, 0),
(890, '3139', 25, 0),
(891, '3140', 25, 0),
(892, '3141', 25, 0),
(893, '3142', 25, 0),
(894, '3143', 25, 0),
(895, '3144', 25, 0),
(896, '3145', 25, 0),
(897, '3146', 25, 0),
(898, '3147', 25, 0),
(899, '3148', 25, 0),
(900, '3149', 25, 0),
(901, '3150', 25, 0),
(902, '3151', 25, 0),
(903, '3152', 25, 0),
(904, '3153', 25, 0),
(905, '3154', 25, 0),
(906, '3155', 25, 0),
(907, '3156', 25, 0),
(908, '3157', 25, 0),
(909, '3158', 25, 0),
(910, '3159', 25, 0),
(911, '3160', 25, 0),
(912, '3161', 25, 0),
(913, '3162', 25, 0),
(914, '3163', 25, 0),
(915, '3164', 25, 0),
(916, '3165', 25, 0),
(917, '3166', 25, 0),
(918, '3167', 25, 0),
(919, '3168', 25, 0),
(920, '3169', 25, 0),
(921, '3170', 25, 0),
(922, '3171', 25, 0),
(923, '3172', 25, 0),
(924, '3173', 25, 0),
(925, '3174', 25, 0),
(926, '3175', 25, 0),
(927, '3176', 25, 0),
(928, '3177', 25, 0),
(929, '3178', 25, 0),
(930, '3179', 25, 0),
(931, '3180', 25, 0),
(932, '3181', 25, 0),
(933, '3182', 25, 0),
(934, '3183', 25, 0),
(935, '3184', 25, 0),
(936, '3185', 25, 0),
(937, '3186', 25, 0),
(938, '3187', 25, 0),
(939, '3188', 25, 0),
(940, '3189', 25, 0),
(941, '3190', 25, 0),
(942, '3191', 25, 0),
(943, '3192', 25, 0),
(944, '3193', 25, 0),
(945, '3194', 25, 0),
(946, '3195', 25, 0),
(947, '3196', 25, 0),
(948, '3197', 25, 0),
(949, '3198', 25, 0),
(950, '3199', 25, 0),
(951, '8000', 26, 0),
(952, '8001', 26, 0),
(953, '8002', 26, 0),
(954, '8003', 26, 0),
(955, '8004', 26, 0),
(956, '8005', 26, 0),
(957, '8006', 26, 0),
(958, '8007', 26, 0),
(959, '8008', 26, 0),
(960, '8009', 26, 0),
(961, '8010', 26, 0),
(962, '8011', 26, 0),
(963, '8012', 26, 0),
(964, '8013', 26, 0),
(965, '8014', 26, 0),
(966, '8015', 26, 0),
(967, '8016', 26, 0),
(968, '8017', 26, 0),
(969, '8018', 26, 1),
(970, '8019', 26, 0),
(971, '8020', 26, 0),
(972, '8021', 26, 0),
(973, '8022', 26, 0),
(974, '8023', 26, 0),
(975, '8024', 26, 0),
(976, '8025', 26, 0),
(977, '8026', 26, 0),
(978, '8027', 26, 0),
(979, '8028', 26, 0),
(980, '8029', 26, 0),
(981, '8030', 26, 0),
(982, '8031', 26, 0),
(983, '8032', 26, 0),
(984, '8033', 26, 0),
(985, '8034', 26, 0),
(986, '8035', 26, 0),
(987, '8036', 26, 0),
(988, '8037', 26, 0),
(989, '8038', 26, 0),
(990, '8039', 26, 0),
(991, '8040', 26, 0),
(992, '8041', 26, 0),
(993, '8042', 26, 0),
(994, '8043', 26, 0),
(995, '8044', 26, 0),
(996, '8045', 26, 0),
(997, '8046', 26, 0),
(998, '8047', 26, 0),
(999, '8048', 26, 0),
(1000, '8049', 26, 0),
(1001, '8050', 26, 0),
(1002, '8051', 26, 0),
(1003, '8052', 26, 0),
(1004, '8053', 26, 0),
(1005, '8054', 26, 0),
(1006, '8055', 26, 0),
(1007, '8056', 26, 0),
(1008, '8057', 26, 0),
(1009, '8058', 26, 0),
(1010, '8059', 26, 0),
(1011, '8060', 26, 0),
(1012, '8061', 26, 0),
(1013, '8062', 26, 0),
(1014, '8063', 26, 0),
(1015, '8064', 26, 0),
(1016, '8065', 26, 0),
(1017, '8066', 26, 0),
(1018, '8067', 26, 0),
(1019, '8068', 26, 0),
(1020, '8069', 26, 0),
(1021, '8070', 26, 0),
(1022, '8071', 26, 0),
(1023, '8072', 26, 0),
(1024, '8073', 26, 0),
(1025, '8074', 26, 0),
(1026, '8075', 26, 0),
(1027, '8076', 26, 0),
(1028, '8077', 26, 0),
(1029, '8078', 26, 0),
(1030, '8079', 26, 0),
(1031, '8080', 26, 0),
(1032, '8081', 26, 0),
(1033, '8082', 26, 0),
(1034, '8083', 26, 0),
(1035, '8084', 26, 0),
(1036, '8085', 26, 0),
(1037, '8086', 26, 0),
(1038, '8087', 26, 0),
(1039, '8088', 26, 0),
(1040, '8089', 26, 0),
(1041, '8090', 26, 0),
(1042, '8091', 26, 0),
(1043, '8092', 26, 0),
(1044, '8093', 26, 0),
(1045, '8094', 26, 0),
(1046, '8095', 26, 0),
(1047, '8096', 26, 0),
(1048, '8097', 26, 0),
(1049, '8098', 26, 0),
(1050, '8099', 26, 0),
(1051, '8100', 26, 0),
(1052, '8101', 26, 0),
(1053, '8102', 26, 0),
(1054, '8103', 26, 0),
(1055, '8104', 26, 0),
(1056, '8105', 26, 0),
(1057, '8106', 26, 0),
(1058, '8107', 26, 0),
(1059, '8108', 26, 0),
(1060, '8109', 26, 0),
(1061, '8110', 26, 0),
(1062, '8111', 26, 0),
(1063, '8112', 26, 0),
(1064, '8113', 26, 0),
(1065, '8114', 26, 0),
(1066, '8115', 26, 0),
(1067, '8116', 26, 0),
(1068, '8117', 26, 0),
(1069, '8118', 26, 0),
(1070, '8119', 26, 0),
(1071, '8120', 26, 0),
(1072, '8121', 26, 0),
(1073, '8122', 26, 0),
(1074, '8123', 26, 0),
(1075, '8124', 26, 0),
(1076, '8125', 26, 0),
(1077, '8126', 26, 0),
(1078, '8127', 26, 0),
(1079, '8128', 26, 0),
(1080, '8129', 26, 0),
(1081, '8130', 26, 0),
(1082, '8131', 26, 0),
(1083, '8132', 26, 0),
(1084, '8133', 26, 0),
(1085, '8134', 26, 0),
(1086, '8135', 26, 0),
(1087, '8136', 26, 0),
(1088, '8137', 26, 0),
(1089, '8138', 26, 0),
(1090, '8139', 26, 0),
(1091, '8140', 26, 0),
(1092, '8141', 26, 0),
(1093, '8142', 26, 0),
(1094, '8143', 26, 0),
(1095, '8144', 26, 0),
(1096, '8145', 26, 0),
(1097, '8146', 26, 0),
(1098, '8147', 26, 0),
(1099, '8148', 26, 0),
(1100, '8149', 26, 0),
(1101, '8150', 26, 0),
(1102, '8151', 26, 0),
(1103, '8152', 26, 0),
(1104, '8153', 26, 0),
(1105, '8154', 26, 0),
(1106, '8155', 26, 0),
(1107, '8156', 26, 0),
(1108, '8157', 26, 0),
(1109, '8158', 26, 0),
(1110, '8159', 26, 0),
(1111, '8160', 26, 0),
(1112, '8161', 26, 0),
(1113, '8162', 26, 0),
(1114, '8163', 26, 0),
(1115, '8164', 26, 0),
(1116, '8165', 26, 0),
(1117, '8166', 26, 0),
(1118, '8167', 26, 0),
(1119, '8168', 26, 0),
(1120, '8169', 26, 0),
(1121, '8170', 26, 0),
(1122, '8171', 26, 0),
(1123, '8172', 26, 0),
(1124, '8173', 26, 0),
(1125, '8174', 26, 0),
(1126, '8175', 26, 0),
(1127, '8176', 26, 0),
(1128, '8177', 26, 0),
(1129, '8178', 26, 0),
(1130, '8179', 26, 0),
(1131, '8180', 26, 0),
(1132, '8181', 26, 0),
(1133, '8182', 26, 0),
(1134, '8183', 26, 0),
(1135, '8184', 26, 0),
(1136, '8185', 26, 0),
(1137, '8186', 26, 0),
(1138, '8187', 26, 0),
(1139, '8188', 26, 0),
(1140, '8189', 26, 0),
(1141, '8190', 26, 0),
(1142, '8191', 26, 0),
(1143, '8192', 26, 0),
(1144, '8193', 26, 0),
(1145, '8194', 26, 0),
(1146, '8195', 26, 0),
(1147, '8196', 26, 0),
(1148, '8197', 26, 0),
(1149, '8198', 26, 0),
(1150, '8199', 26, 0),
(1151, '4000', 27, 0),
(1152, '4001', 27, 0),
(1153, '4002', 27, 0),
(1154, '4003', 27, 0),
(1155, '4004', 27, 0),
(1156, '4005', 27, 0),
(1157, '4006', 27, 0),
(1158, '4007', 27, 0),
(1159, '4008', 27, 0),
(1160, '4009', 27, 0),
(1161, '4010', 27, 0),
(1162, '4011', 27, 0),
(1163, '4012', 27, 0),
(1164, '4013', 27, 0),
(1165, '4014', 27, 0),
(1166, '4015', 27, 0),
(1167, '4016', 27, 0),
(1168, '4017', 27, 0),
(1169, '4018', 27, 0),
(1170, '4019', 27, 0),
(1171, '4020', 27, 0),
(1172, '4021', 27, 0),
(1173, '4022', 27, 0),
(1174, '4023', 27, 0),
(1175, '4024', 27, 0),
(1176, '4025', 27, 0),
(1177, '4026', 27, 0),
(1178, '4027', 27, 0),
(1179, '4028', 27, 0),
(1180, '4029', 27, 0),
(1181, '4030', 27, 0),
(1182, '4031', 27, 0),
(1183, '4032', 27, 1),
(1184, '4033', 27, 0),
(1185, '4034', 27, 0),
(1186, '4035', 27, 0),
(1187, '4036', 27, 0),
(1188, '4037', 27, 0),
(1189, '4038', 27, 0),
(1190, '4039', 27, 0),
(1191, '4040', 27, 0),
(1192, '4041', 27, 0),
(1193, '4042', 27, 0),
(1194, '4043', 27, 0),
(1195, '4044', 27, 0),
(1196, '4045', 27, 0),
(1197, '4046', 27, 0),
(1198, '4047', 27, 0),
(1199, '4048', 27, 0),
(1200, '4049', 27, 0),
(1201, '4050', 27, 0),
(1202, '4051', 27, 0),
(1203, '4052', 27, 0),
(1204, '4053', 27, 0),
(1205, '4054', 27, 0),
(1206, '4055', 27, 0),
(1207, '4056', 27, 0),
(1208, '4057', 27, 0),
(1209, '4058', 27, 0),
(1210, '4059', 27, 0),
(1211, '4060', 27, 0),
(1212, '4061', 27, 0),
(1213, '4062', 27, 0),
(1214, '4063', 27, 0),
(1215, '4064', 27, 0),
(1216, '4065', 27, 0),
(1217, '4066', 27, 0),
(1218, '4067', 27, 0),
(1219, '4068', 27, 0),
(1220, '4069', 27, 0),
(1221, '4070', 27, 0),
(1222, '4071', 27, 0),
(1223, '4072', 27, 0),
(1224, '4073', 27, 0),
(1225, '4074', 27, 0),
(1226, '4075', 27, 0),
(1227, '4076', 27, 0),
(1228, '4077', 27, 0),
(1229, '4078', 27, 0),
(1230, '4079', 27, 0),
(1231, '4080', 27, 0),
(1232, '4081', 27, 0),
(1233, '4082', 27, 0),
(1234, '4083', 27, 0),
(1235, '4084', 27, 0),
(1236, '4085', 27, 0),
(1237, '4086', 27, 0),
(1238, '4087', 27, 0),
(1239, '4088', 27, 0),
(1240, '4089', 27, 0),
(1241, '4090', 27, 0),
(1242, '4091', 27, 0),
(1243, '4092', 27, 0),
(1244, '4093', 27, 0),
(1245, '4094', 27, 0),
(1246, '4095', 27, 0),
(1247, '4096', 27, 0),
(1248, '4097', 27, 0),
(1249, '4098', 27, 0),
(1250, '4099', 27, 0),
(1251, '4100', 27, 0),
(1252, '4101', 27, 0),
(1253, '4102', 27, 0),
(1254, '4103', 27, 0),
(1255, '4104', 27, 0),
(1256, '4105', 27, 0),
(1257, '4106', 27, 0),
(1258, '4107', 27, 0),
(1259, '4108', 27, 0),
(1260, '4109', 27, 0),
(1261, '4110', 27, 0),
(1262, '4111', 27, 0),
(1263, '4112', 27, 0),
(1264, '4113', 27, 0),
(1265, '4114', 27, 0),
(1266, '4115', 27, 0),
(1267, '4116', 27, 0),
(1268, '4117', 27, 0),
(1269, '4118', 27, 0),
(1270, '4119', 27, 0),
(1271, '4120', 27, 0),
(1272, '4121', 27, 0),
(1273, '4122', 27, 0),
(1274, '4123', 27, 0),
(1275, '4124', 27, 0),
(1276, '4125', 27, 0),
(1277, '4126', 27, 0),
(1278, '4127', 27, 0),
(1279, '4128', 27, 0),
(1280, '4129', 27, 0),
(1281, '4130', 27, 0),
(1282, '4131', 27, 0),
(1283, '4132', 27, 0),
(1284, '4133', 27, 0),
(1285, '4134', 27, 0),
(1286, '4135', 27, 0),
(1287, '4136', 27, 0),
(1288, '4137', 27, 0),
(1289, '4138', 27, 0),
(1290, '4139', 27, 0),
(1291, '4140', 27, 0),
(1292, '4141', 27, 0),
(1293, '4142', 27, 0),
(1294, '4143', 27, 0),
(1295, '4144', 27, 0),
(1296, '4145', 27, 0),
(1297, '4146', 27, 0),
(1298, '4147', 27, 0),
(1299, '4148', 27, 0),
(1300, '4149', 27, 0),
(1301, '4150', 27, 0),
(1302, '4151', 27, 0),
(1303, '4152', 27, 0),
(1304, '4153', 27, 0),
(1305, '4154', 27, 0),
(1306, '4155', 27, 0),
(1307, '4156', 27, 0),
(1308, '4157', 27, 0),
(1309, '4158', 27, 0),
(1310, '4159', 27, 0),
(1311, '4160', 27, 0),
(1312, '4161', 27, 0),
(1313, '4162', 27, 0),
(1314, '4163', 27, 0),
(1315, '4164', 27, 0),
(1316, '4165', 27, 0),
(1317, '4166', 27, 0),
(1318, '4167', 27, 0),
(1319, '4168', 27, 0),
(1320, '4169', 27, 0),
(1321, '4170', 27, 0),
(1322, '4171', 27, 0),
(1323, '4172', 27, 0),
(1324, '4173', 27, 0),
(1325, '4174', 27, 0),
(1326, '4175', 27, 0),
(1327, '4176', 27, 0),
(1328, '4177', 27, 0),
(1329, '4178', 27, 0),
(1330, '4179', 27, 0),
(1331, '4180', 27, 0),
(1332, '4181', 27, 0),
(1333, '4182', 27, 0),
(1334, '4183', 27, 0),
(1335, '4184', 27, 0),
(1336, '4185', 27, 0),
(1337, '4186', 27, 0),
(1338, '4187', 27, 0),
(1339, '4188', 27, 0),
(1340, '4189', 27, 0),
(1341, '4190', 27, 0),
(1342, '4191', 27, 0),
(1343, '4192', 27, 0),
(1344, '4193', 27, 0),
(1345, '4194', 27, 0),
(1346, '4195', 27, 0),
(1347, '4196', 27, 0),
(1348, '4197', 27, 0),
(1349, '4198', 27, 0),
(1350, '4199', 27, 0),
(1351, '7000', 28, 0),
(1352, '7001', 28, 0),
(1353, '7002', 28, 0),
(1354, '7003', 28, 0),
(1355, '7004', 28, 0),
(1356, '7005', 28, 0),
(1357, '7006', 28, 0),
(1358, '7007', 28, 0),
(1359, '7008', 28, 0),
(1360, '7009', 28, 0),
(1361, '7010', 28, 0),
(1362, '7011', 28, 0),
(1363, '7012', 28, 0),
(1364, '7013', 28, 0),
(1365, '7014', 28, 0),
(1366, '7015', 28, 0),
(1367, '7016', 28, 0),
(1368, '7017', 28, 0),
(1369, '7018', 28, 0),
(1370, '7019', 28, 0),
(1371, '7020', 28, 0),
(1372, '7021', 28, 0),
(1373, '7022', 28, 0),
(1374, '7023', 28, 0),
(1375, '7024', 28, 0),
(1376, '7025', 28, 0),
(1377, '7026', 28, 0),
(1378, '7027', 28, 0),
(1379, '7028', 28, 0),
(1380, '7029', 28, 0),
(1381, '7030', 28, 0),
(1382, '7031', 28, 0),
(1383, '7032', 28, 0),
(1384, '7033', 28, 0),
(1385, '7034', 28, 0),
(1386, '7035', 28, 0),
(1387, '7036', 28, 0),
(1388, '7037', 28, 0),
(1389, '7038', 28, 0),
(1390, '7039', 28, 0),
(1391, '7040', 28, 0),
(1392, '7041', 28, 0),
(1393, '7042', 28, 0),
(1394, '7043', 28, 0),
(1395, '7044', 28, 0),
(1396, '7045', 28, 0),
(1397, '7046', 28, 0),
(1398, '7047', 28, 0),
(1399, '7048', 28, 0),
(1400, '7049', 28, 0),
(1401, '7050', 28, 0),
(1402, '7051', 28, 0),
(1403, '7052', 28, 0),
(1404, '7053', 28, 0),
(1405, '7054', 28, 0),
(1406, '7055', 28, 0),
(1407, '7056', 28, 0),
(1408, '7057', 28, 0),
(1409, '7058', 28, 0),
(1410, '7059', 28, 0),
(1411, '7060', 28, 0),
(1412, '7061', 28, 0),
(1413, '7062', 28, 0),
(1414, '7063', 28, 0),
(1415, '7064', 28, 0),
(1416, '7065', 28, 0),
(1417, '7066', 28, 0),
(1418, '7067', 28, 0),
(1419, '7068', 28, 0),
(1420, '7069', 28, 0),
(1421, '7070', 28, 0),
(1422, '7071', 28, 0),
(1423, '7072', 28, 0),
(1424, '7073', 28, 0),
(1425, '7074', 28, 0),
(1426, '7075', 28, 0),
(1427, '7076', 28, 0),
(1428, '7077', 28, 0),
(1429, '7078', 28, 0),
(1430, '7079', 28, 0),
(1431, '7080', 28, 0),
(1432, '7081', 28, 0),
(1433, '7082', 28, 0),
(1434, '7083', 28, 0),
(1435, '7084', 28, 0),
(1436, '7085', 28, 0),
(1437, '7086', 28, 0),
(1438, '7087', 28, 0),
(1439, '7088', 28, 0),
(1440, '7089', 28, 0),
(1441, '7090', 28, 0),
(1442, '7091', 28, 0),
(1443, '7092', 28, 0),
(1444, '7093', 28, 0),
(1445, '7094', 28, 0),
(1446, '7095', 28, 0),
(1447, '7096', 28, 0),
(1448, '7097', 28, 0),
(1449, '7098', 28, 0),
(1450, '7099', 28, 0),
(1451, '7100', 28, 0),
(1452, '7101', 28, 0),
(1453, '7102', 28, 0),
(1454, '7103', 28, 0),
(1455, '7104', 28, 0),
(1456, '7105', 28, 0),
(1457, '7106', 28, 0),
(1458, '7107', 28, 0),
(1459, '7108', 28, 0),
(1460, '7109', 28, 0),
(1461, '7110', 28, 0),
(1462, '7111', 28, 0),
(1463, '7112', 28, 0),
(1464, '7113', 28, 0),
(1465, '7114', 28, 0),
(1466, '7115', 28, 0),
(1467, '7116', 28, 0),
(1468, '7117', 28, 0),
(1469, '7118', 28, 0),
(1470, '7119', 28, 0),
(1471, '7120', 28, 0),
(1472, '7121', 28, 0),
(1473, '7122', 28, 0),
(1474, '7123', 28, 0),
(1475, '7124', 28, 0),
(1476, '7125', 28, 0),
(1477, '7126', 28, 0),
(1478, '7127', 28, 0),
(1479, '7128', 28, 0),
(1480, '7129', 28, 0),
(1481, '7130', 28, 0),
(1482, '7131', 28, 0),
(1483, '7132', 28, 0),
(1484, '7133', 28, 0),
(1485, '7134', 28, 0),
(1486, '7135', 28, 0),
(1487, '7136', 28, 0),
(1488, '7137', 28, 0),
(1489, '7138', 28, 0),
(1490, '7139', 28, 0),
(1491, '7140', 28, 0),
(1492, '7141', 28, 0),
(1493, '7142', 28, 0),
(1494, '7143', 28, 0),
(1495, '7144', 28, 0),
(1496, '7145', 28, 0),
(1497, '7146', 28, 0),
(1498, '7147', 28, 0),
(1499, '7148', 28, 0),
(1500, '7149', 28, 0),
(1501, '7150', 28, 0),
(1502, '7151', 28, 0),
(1503, '7152', 28, 0),
(1504, '7153', 28, 0),
(1505, '7154', 28, 0),
(1506, '7155', 28, 0),
(1507, '7156', 28, 0),
(1508, '7157', 28, 0),
(1509, '7158', 28, 0),
(1510, '7159', 28, 0),
(1511, '7160', 28, 0),
(1512, '7161', 28, 0),
(1513, '7162', 28, 0),
(1514, '7163', 28, 0),
(1515, '7164', 28, 0),
(1516, '7165', 28, 0),
(1517, '7166', 28, 0),
(1518, '7167', 28, 0),
(1519, '7168', 28, 0),
(1520, '7169', 28, 0),
(1521, '7170', 28, 0),
(1522, '7171', 28, 0),
(1523, '7172', 28, 0),
(1524, '7173', 28, 0),
(1525, '7174', 28, 0),
(1526, '7175', 28, 0),
(1527, '7176', 28, 0),
(1528, '7177', 28, 0),
(1529, '7178', 28, 0),
(1530, '7179', 28, 0),
(1531, '7180', 28, 0),
(1532, '7181', 28, 0),
(1533, '7182', 28, 0),
(1534, '7183', 28, 0),
(1535, '7184', 28, 0),
(1536, '7185', 28, 0),
(1537, '7186', 28, 0),
(1538, '7187', 28, 0),
(1539, '7188', 28, 0),
(1540, '7189', 28, 0),
(1541, '7190', 28, 0),
(1542, '7191', 28, 0),
(1543, '7192', 28, 0),
(1544, '7193', 28, 0),
(1545, '7194', 28, 0),
(1546, '7195', 28, 0),
(1547, '7196', 28, 0),
(1548, '7197', 28, 0),
(1549, '7198', 28, 0),
(1550, '7199', 28, 0);

-- --------------------------------------------------------

--
-- Estructura de tabla para la tabla `tickets_generated`
--

CREATE TABLE `tickets_generated` (
  `ticket_ref` varchar(120) NOT NULL,
  `order_ref` varchar(120) NOT NULL,
  `travel_class` varchar(255) NOT NULL,
  `date_processed` datetime DEFAULT NULL,
  `destination` varchar(120) DEFAULT NULL
) ENGINE=MyISAM DEFAULT CHARSET=utf8;

-- --------------------------------------------------------

--
-- Estructura de tabla para la tabla `ticket_buy`
--

CREATE TABLE `ticket_buy` (
  `uuid` varchar(36) NOT NULL,
  `invoice` varchar(128) DEFAULT NULL,
  `buyer_name` varchar(191) NOT NULL,
  `buyer_cel` varchar(64) NOT NULL,
  `buyer_email` varchar(128) NOT NULL,
  `ticket_id` int(10) UNSIGNED NOT NULL,
  `paid` tinyint(1) DEFAULT 0
) ENGINE=InnoDB DEFAULT CHARSET=latin1;

--
-- Volcado de datos para la tabla `ticket_buy`
--

INSERT INTO `ticket_buy` (`uuid`, `invoice`, `buyer_name`, `buyer_cel`, `buyer_email`, `ticket_id`, `paid`) VALUES
('1d071ef5-eba6-11e9-b2d0-3fe4bd08eb85', '5de4242114ca6', 'Juan Perez', '999', 'memedo4321@mailapp.top', 969, 1),
('b03fd226-eba4-11e9-b2d0-3fe4bd08eb85', '5de422631c77c', 'Juan Perez', '999', 'memedo4321@mailapp.top', 378, 1);

-- --------------------------------------------------------

--
-- Estructura de tabla para la tabla `transactions`
--

CREATE TABLE `transactions` (
  `amount` double DEFAULT 0,
  `payment_via` varchar(180) DEFAULT NULL,
  `transaction_id` varchar(210) NOT NULL,
  `status` varchar(80) DEFAULT 'unused'
) ENGINE=MyISAM DEFAULT CHARSET=utf8;

--
-- Volcado de datos para la tabla `transactions`
--

INSERT INTO `transactions` (`amount`, `payment_via`, `transaction_id`, `status`) VALUES
(7500, 'MPESA', 'LORSO93045KWE', 'used');

--
-- Índices para tablas volcadas
--

--
-- Indices de la tabla `admin`
--
ALTER TABLE `admin`
  ADD PRIMARY KEY (`fullname`),
  ADD KEY `id` (`id`);

--
-- Indices de la tabla `available_class`
--
ALTER TABLE `available_class`
  ADD PRIMARY KEY (`class_id`,`class_name`),
  ADD UNIQUE KEY `class_name` (`class_name`);

--
-- Indices de la tabla `banners`
--
ALTER TABLE `banners`
  ADD PRIMARY KEY (`banner_id`);

--
-- Indices de la tabla `booking_details`
--
ALTER TABLE `booking_details`
  ADD PRIMARY KEY (`order_ref`),
  ADD KEY `available_classbooking_details` (`class_reserved`),
  ADD KEY `transaction_id` (`transaction_id`);

--
-- Indices de la tabla `payments`
--
ALTER TABLE `payments`
  ADD PRIMARY KEY (`payment_id`);

--
-- Indices de la tabla `raffles`
--
ALTER TABLE `raffles`
  ADD PRIMARY KEY (`raffle_id`),
  ADD KEY `raffle_code` (`raffle_code`);

--
-- Indices de la tabla `raffle_tickets`
--
ALTER TABLE `raffle_tickets`
  ADD PRIMARY KEY (`ticket_id`),
  ADD KEY `raffle_id` (`raffle_id`);

--
-- Indices de la tabla `tickets_generated`
--
ALTER TABLE `tickets_generated`
  ADD PRIMARY KEY (`ticket_ref`),
  ADD KEY `available_classtickets_generated` (`travel_class`),
  ADD KEY `booking_detailstickets_generated` (`order_ref`);

--
-- Indices de la tabla `ticket_buy`
--
ALTER TABLE `ticket_buy`
  ADD PRIMARY KEY (`uuid`),
  ADD KEY `ticket_id` (`ticket_id`);

--
-- Indices de la tabla `transactions`
--
ALTER TABLE `transactions`
  ADD PRIMARY KEY (`transaction_id`);

--
-- AUTO_INCREMENT de las tablas volcadas
--

--
-- AUTO_INCREMENT de la tabla `admin`
--
ALTER TABLE `admin`
  MODIFY `fullname` int(11) NOT NULL AUTO_INCREMENT, AUTO_INCREMENT=2;

--
-- AUTO_INCREMENT de la tabla `banners`
--
ALTER TABLE `banners`
  MODIFY `banner_id` int(10) NOT NULL AUTO_INCREMENT, AUTO_INCREMENT=3;

--
-- AUTO_INCREMENT de la tabla `payments`
--
ALTER TABLE `payments`
  MODIFY `payment_id` int(10) UNSIGNED NOT NULL AUTO_INCREMENT, AUTO_INCREMENT=3;

--
-- AUTO_INCREMENT de la tabla `raffles`
--
ALTER TABLE `raffles`
  MODIFY `raffle_id` int(10) UNSIGNED NOT NULL AUTO_INCREMENT, AUTO_INCREMENT=29;

--
-- AUTO_INCREMENT de la tabla `raffle_tickets`
--
ALTER TABLE `raffle_tickets`
  MODIFY `ticket_id` int(10) UNSIGNED NOT NULL AUTO_INCREMENT, AUTO_INCREMENT=1551;

--
-- Restricciones para tablas volcadas
--

--
-- Filtros para la tabla `raffle_tickets`
--
ALTER TABLE `raffle_tickets`
  ADD CONSTRAINT `raffle_tickets_raffle_id_foreign` FOREIGN KEY (`raffle_id`) REFERENCES `raffles` (`raffle_id`) ON DELETE CASCADE ON UPDATE CASCADE;

--
-- Filtros para la tabla `ticket_buy`
--
ALTER TABLE `ticket_buy`
  ADD CONSTRAINT `ticket_id_ticket_buy_foreign` FOREIGN KEY (`ticket_id`) REFERENCES `raffle_tickets` (`ticket_id`);
COMMIT;

/*!40101 SET CHARACTER_SET_CLIENT=@OLD_CHARACTER_SET_CLIENT */;
/*!40101 SET CHARACTER_SET_RESULTS=@OLD_CHARACTER_SET_RESULTS */;
/*!40101 SET COLLATION_CONNECTION=@OLD_COLLATION_CONNECTION */;
